trade_date,source_path,raw_bytes_sha,first_capture_timestamp,collector_run_id,membership_version,canonical_trade_date,availability_verified,accepted_authority,classification
2026-09-01,,,,,,2026-09-01,False,,NO_ORIGINAL_BYTES
2026-09-02,,,,,,2026-09-02,False,,NO_ORIGINAL_BYTES
2026-09-03,,,,,,2026-09-03,False,,NO_ORIGINAL_BYTES
2026-09-04,,,,,,2026-09-04,False,,NO_ORIGINAL_BYTES
2026-09-07,,,,,,2026-09-07,False,,NO_ORIGINAL_BYTES
2026-09-08,,,,,,2026-09-08,False,,NO_ORIGINAL_BYTES
2026-09-09,,,,,,2026-09-09,False,,NO_ORIGINAL_BYTES
2026-09-10,,,,,,2026-09-10,False,,NO_ORIGINAL_BYTES
2026-09-11,,,,,,2026-09-11,False,,NO_ORIGINAL_BYTES
2026-09-14,,,,,,2026-09-14,False,,NO_ORIGINAL_BYTES
2026-09-15,,,,,,2026-09-15,False,,NO_ORIGINAL_BYTES
2026-09-16,,,,,,2026-09-16,False,,NO_ORIGINAL_BYTES
2026-09-17,,,,,,2026-09-17,False,,NO_ORIGINAL_BYTES
2026-09-18,,,,,,2026-09-18,False,,NO_ORIGINAL_BYTES
2026-09-21,,,,,,2026-09-21,False,,NO_ORIGINAL_BYTES
2026-09-22,,,,,,2026-09-22,False,,NO_ORIGINAL_BYTES
2026-09-23,,,,,,2026-09-23,False,,NO_ORIGINAL_BYTES
2026-09-24,,,,,,2026-09-24,False,,NO_ORIGINAL_BYTES
2026-09-28,,,,,,2026-09-28,False,,NO_ORIGINAL_BYTES
2026-09-29,,,,,,2026-09-29,False,,NO_ORIGINAL_BYTES
