RAW_ID,NORMALIZED_ID,MEMBERSHIP_SOURCE,source_sha,source_lines,IDENTITY_ASOF,MATCH_RESULT,REASON,identity_evidence,RETRY_OR_CONTRACT_ACTION
BJ.874774,,docs/evidence/r4_3_four_session_closeout_20261009/latest_member_raw/638c58e095702469b9471da7e5bfd7bc63611059052ef22eccc0c6de5b66fe9a/tdxhy.cfg,638c58e095702469b9471da7e5bfd7bc63611059052ef22eccc0c6de5b66fe9a,5275,2026-10-09T09:44:01.158745+08:00,UNMAPPED_QUARANTINED,INSUFFICIENT_EVIDENCE,IDENTITY_SOURCE_NO_BOUND_ROW,Obtain official dated listing/delisting/alias identity bytes; no security-pool expansion or row deletion
BJ.920007,,docs/evidence/r4_3_four_session_closeout_20261009/latest_member_raw/638c58e095702469b9471da7e5bfd7bc63611059052ef22eccc0c6de5b66fe9a/tdxhy.cfg,638c58e095702469b9471da7e5bfd7bc63611059052ef22eccc0c6de5b66fe9a,5323,2026-10-09T09:44:01.158745+08:00,UNMAPPED_QUARANTINED,INSUFFICIENT_EVIDENCE,IDENTITY_SOURCE_NO_BOUND_ROW,Obtain official dated listing/delisting/alias identity bytes; no security-pool expansion or row deletion
BJ.920011,,docs/evidence/r4_3_four_session_closeout_20261009/latest_member_raw/638c58e095702469b9471da7e5bfd7bc63611059052ef22eccc0c6de5b66fe9a/tdxhy.cfg,638c58e095702469b9471da7e5bfd7bc63611059052ef22eccc0c6de5b66fe9a,5327,2026-10-09T09:44:01.158745+08:00,UNMAPPED_QUARANTINED,INSUFFICIENT_EVIDENCE,IDENTITY_SOURCE_NO_BOUND_ROW,Obtain official dated listing/delisting/alias identity bytes; no security-pool expansion or row deletion
BJ.920018,,docs/evidence/r4_3_four_session_closeout_20261009/latest_member_raw/638c58e095702469b9471da7e5bfd7bc63611059052ef22eccc0c6de5b66fe9a/tdxhy.cfg,638c58e095702469b9471da7e5bfd7bc63611059052ef22eccc0c6de5b66fe9a,5333,2026-10-09T09:44:01.158745+08:00,UNMAPPED_QUARANTINED,INSUFFICIENT_EVIDENCE,IDENTITY_SOURCE_NO_BOUND_ROW,Obtain official dated listing/delisting/alias identity bytes; no security-pool expansion or row deletion
BJ.920037,,docs/evidence/r4_3_four_session_closeout_20261009/latest_member_raw/638c58e095702469b9471da7e5bfd7bc63611059052ef22eccc0c6de5b66fe9a/tdxhy.cfg,638c58e095702469b9471da7e5bfd7bc63611059052ef22eccc0c6de5b66fe9a,5348,2026-10-09T09:44:01.158745+08:00,UNMAPPED_QUARANTINED,INSUFFICIENT_EVIDENCE,IDENTITY_SOURCE_NO_BOUND_ROW,Obtain official dated listing/delisting/alias identity bytes; no security-pool expansion or row deletion
BJ.920046,,docs/evidence/r4_3_four_session_closeout_20261009/latest_member_raw/638c58e095702469b9471da7e5bfd7bc63611059052ef22eccc0c6de5b66fe9a/tdxhy.cfg,638c58e095702469b9471da7e5bfd7bc63611059052ef22eccc0c6de5b66fe9a,5352,2026-10-09T09:44:01.158745+08:00,UNMAPPED_QUARANTINED,INSUFFICIENT_EVIDENCE,IDENTITY_SOURCE_NO_BOUND_ROW,Obtain official dated listing/delisting/alias identity bytes; no security-pool expansion or row deletion
BJ.920062,,docs/evidence/r4_3_four_session_closeout_20261009/latest_member_raw/638c58e095702469b9471da7e5bfd7bc63611059052ef22eccc0c6de5b66fe9a/tdxhy.cfg,638c58e095702469b9471da7e5bfd7bc63611059052ef22eccc0c6de5b66fe9a,5362,2026-10-09T09:44:01.158745+08:00,UNMAPPED_QUARANTINED,INSUFFICIENT_EVIDENCE,IDENTITY_SOURCE_NO_BOUND_ROW,Obtain official dated listing/delisting/alias identity bytes; no security-pool expansion or row deletion
BJ.920100,,docs/evidence/r4_3_four_session_closeout_20261009/latest_member_raw/638c58e095702469b9471da7e5bfd7bc63611059052ef22eccc0c6de5b66fe9a/tdxhy.cfg,638c58e095702469b9471da7e5bfd7bc63611059052ef22eccc0c6de5b66fe9a,5389,2026-10-09T09:44:01.158745+08:00,UNMAPPED_QUARANTINED,INSUFFICIENT_EVIDENCE,IDENTITY_SOURCE_NO_BOUND_ROW,Obtain official dated listing/delisting/alias identity bytes; no security-pool expansion or row deletion
BJ.920110,,docs/evidence/r4_3_four_session_closeout_20261009/latest_member_raw/638c58e095702469b9471da7e5bfd7bc63611059052ef22eccc0c6de5b66fe9a/tdxhy.cfg,638c58e095702469b9471da7e5bfd7bc63611059052ef22eccc0c6de5b66fe9a,5394,2026-10-09T09:44:01.158745+08:00,UNMAPPED_QUARANTINED,INSUFFICIENT_EVIDENCE,IDENTITY_SOURCE_NO_BOUND_ROW,Obtain official dated listing/delisting/alias identity bytes; no security-pool expansion or row deletion
BJ.920111,,docs/evidence/r4_3_four_session_closeout_20261009/latest_member_raw/638c58e095702469b9471da7e5bfd7bc63611059052ef22eccc0c6de5b66fe9a/tdxhy.cfg,638c58e095702469b9471da7e5bfd7bc63611059052ef22eccc0c6de5b66fe9a,5395,2026-10-09T09:44:01.158745+08:00,UNMAPPED_QUARANTINED,INSUFFICIENT_EVIDENCE,IDENTITY_SOURCE_NO_BOUND_ROW,Obtain official dated listing/delisting/alias identity bytes; no security-pool expansion or row deletion
BJ.920200,,docs/evidence/r4_3_four_session_closeout_20261009/latest_member_raw/638c58e095702469b9471da7e5bfd7bc63611059052ef22eccc0c6de5b66fe9a/tdxhy.cfg,638c58e095702469b9471da7e5bfd7bc63611059052ef22eccc0c6de5b66fe9a,5453,2026-10-09T09:44:01.158745+08:00,UNMAPPED_QUARANTINED,INSUFFICIENT_EVIDENCE,IDENTITY_SOURCE_NO_BOUND_ROW,Obtain official dated listing/delisting/alias identity bytes; no security-pool expansion or row deletion
BJ.920222,,docs/evidence/r4_3_four_session_closeout_20261009/latest_member_raw/638c58e095702469b9471da7e5bfd7bc63611059052ef22eccc0c6de5b66fe9a/tdxhy.cfg,638c58e095702469b9471da7e5bfd7bc63611059052ef22eccc0c6de5b66fe9a,5465,2026-10-09T09:44:01.158745+08:00,UNMAPPED_QUARANTINED,INSUFFICIENT_EVIDENCE,IDENTITY_SOURCE_NO_BOUND_ROW,Obtain official dated listing/delisting/alias identity bytes; no security-pool expansion or row deletion
BJ.920237,,docs/evidence/r4_3_four_session_closeout_20261009/latest_member_raw/638c58e095702469b9471da7e5bfd7bc63611059052ef22eccc0c6de5b66fe9a/tdxhy.cfg,638c58e095702469b9471da7e5bfd7bc63611059052ef22eccc0c6de5b66fe9a,5471,2026-10-09T09:44:01.158745+08:00,UNMAPPED_QUARANTINED,INSUFFICIENT_EVIDENCE,IDENTITY_SOURCE_NO_BOUND_ROW,Obtain official dated listing/delisting/alias identity bytes; no security-pool expansion or row deletion
BJ.920239,,docs/evidence/r4_3_four_session_closeout_20261009/latest_member_raw/638c58e095702469b9471da7e5bfd7bc63611059052ef22eccc0c6de5b66fe9a/tdxhy.cfg,638c58e095702469b9471da7e5bfd7bc63611059052ef22eccc0c6de5b66fe9a,5473,2026-10-09T09:44:01.158745+08:00,UNMAPPED_QUARANTINED,INSUFFICIENT_EVIDENCE,IDENTITY_SOURCE_NO_BOUND_ROW,Obtain official dated listing/delisting/alias identity bytes; no security-pool expansion or row deletion
BJ.920252,,docs/evidence/r4_3_four_session_closeout_20261009/latest_member_raw/638c58e095702469b9471da7e5bfd7bc63611059052ef22eccc0c6de5b66fe9a/tdxhy.cfg,638c58e095702469b9471da7e5bfd7bc63611059052ef22eccc0c6de5b66fe9a,5478,2026-10-09T09:44:01.158745+08:00,UNMAPPED_QUARANTINED,INSUFFICIENT_EVIDENCE,IDENTITY_SOURCE_NO_BOUND_ROW,Obtain official dated listing/delisting/alias identity bytes; no security-pool expansion or row deletion
BJ.920299,,docs/evidence/r4_3_four_session_closeout_20261009/latest_member_raw/638c58e095702469b9471da7e5bfd7bc63611059052ef22eccc0c6de5b66fe9a/tdxhy.cfg,638c58e095702469b9471da7e5bfd7bc63611059052ef22eccc0c6de5b66fe9a,5498,2026-10-09T09:44:01.158745+08:00,UNMAPPED_QUARANTINED,INSUFFICIENT_EVIDENCE,IDENTITY_SOURCE_NO_BOUND_ROW,Obtain official dated listing/delisting/alias identity bytes; no security-pool expansion or row deletion
BJ.920375,,docs/evidence/r4_3_four_session_closeout_20261009/latest_member_raw/638c58e095702469b9471da7e5bfd7bc63611059052ef22eccc0c6de5b66fe9a/tdxhy.cfg,638c58e095702469b9471da7e5bfd7bc63611059052ef22eccc0c6de5b66fe9a,5512,2026-10-09T09:44:01.158745+08:00,UNMAPPED_QUARANTINED,INSUFFICIENT_EVIDENCE,IDENTITY_SOURCE_NO_BOUND_ROW,Obtain official dated listing/delisting/alias identity bytes; no security-pool expansion or row deletion
BJ.920496,,docs/evidence/r4_3_four_session_closeout_20261009/latest_member_raw/638c58e095702469b9471da7e5bfd7bc63611059052ef22eccc0c6de5b66fe9a/tdxhy.cfg,638c58e095702469b9471da7e5bfd7bc63611059052ef22eccc0c6de5b66fe9a,5544,2026-10-09T09:44:01.158745+08:00,UNMAPPED_QUARANTINED,INSUFFICIENT_EVIDENCE,IDENTITY_SOURCE_NO_BOUND_ROW,Obtain official dated listing/delisting/alias identity bytes; no security-pool expansion or row deletion
BJ.920508,,docs/evidence/r4_3_four_session_closeout_20261009/latest_member_raw/638c58e095702469b9471da7e5bfd7bc63611059052ef22eccc0c6de5b66fe9a/tdxhy.cfg,638c58e095702469b9471da7e5bfd7bc63611059052ef22eccc0c6de5b66fe9a,5547,2026-10-09T09:44:01.158745+08:00,UNMAPPED_QUARANTINED,INSUFFICIENT_EVIDENCE,IDENTITY_SOURCE_NO_BOUND_ROW,Obtain official dated listing/delisting/alias identity bytes; no security-pool expansion or row deletion
BJ.920523,,docs/evidence/r4_3_four_session_closeout_20261009/latest_member_raw/638c58e095702469b9471da7e5bfd7bc63611059052ef22eccc0c6de5b66fe9a/tdxhy.cfg,638c58e095702469b9471da7e5bfd7bc63611059052ef22eccc0c6de5b66fe9a,5552,2026-10-09T09:44:01.158745+08:00,UNMAPPED_QUARANTINED,INSUFFICIENT_EVIDENCE,IDENTITY_SOURCE_NO_BOUND_ROW,Obtain official dated listing/delisting/alias identity bytes; no security-pool expansion or row deletion
BJ.920627,,docs/evidence/r4_3_four_session_closeout_20261009/latest_member_raw/638c58e095702469b9471da7e5bfd7bc63611059052ef22eccc0c6de5b66fe9a/tdxhy.cfg,638c58e095702469b9471da7e5bfd7bc63611059052ef22eccc0c6de5b66fe9a,5573,2026-10-09T09:44:01.158745+08:00,UNMAPPED_QUARANTINED,INSUFFICIENT_EVIDENCE,IDENTITY_SOURCE_NO_BOUND_ROW,Obtain official dated listing/delisting/alias identity bytes; no security-pool expansion or row deletion
BJ.920639,,docs/evidence/r4_3_four_session_closeout_20261009/latest_member_raw/638c58e095702469b9471da7e5bfd7bc63611059052ef22eccc0c6de5b66fe9a/tdxhy.cfg,638c58e095702469b9471da7e5bfd7bc63611059052ef22eccc0c6de5b66fe9a,5575,2026-10-09T09:44:01.158745+08:00,UNMAPPED_QUARANTINED,INSUFFICIENT_EVIDENCE,IDENTITY_SOURCE_NO_BOUND_ROW,Obtain official dated listing/delisting/alias identity bytes; no security-pool expansion or row deletion
BJ.920682,,docs/evidence/r4_3_four_session_closeout_20261009/latest_member_raw/638c58e095702469b9471da7e5bfd7bc63611059052ef22eccc0c6de5b66fe9a/tdxhy.cfg,638c58e095702469b9471da7e5bfd7bc63611059052ef22eccc0c6de5b66fe9a,5587,2026-10-09T09:44:01.158745+08:00,UNMAPPED_QUARANTINED,INSUFFICIENT_EVIDENCE,IDENTITY_SOURCE_NO_BOUND_ROW,Obtain official dated listing/delisting/alias identity bytes; no security-pool expansion or row deletion
BJ.920770,,docs/evidence/r4_3_four_session_closeout_20261009/latest_member_raw/638c58e095702469b9471da7e5bfd7bc63611059052ef22eccc0c6de5b66fe9a/tdxhy.cfg,638c58e095702469b9471da7e5bfd7bc63611059052ef22eccc0c6de5b66fe9a,5610,2026-10-09T09:44:01.158745+08:00,UNMAPPED_QUARANTINED,INSUFFICIENT_EVIDENCE,IDENTITY_SOURCE_NO_BOUND_ROW,Obtain official dated listing/delisting/alias identity bytes; no security-pool expansion or row deletion
BJ.920809,,docs/evidence/r4_3_four_session_closeout_20261009/latest_member_raw/638c58e095702469b9471da7e5bfd7bc63611059052ef22eccc0c6de5b66fe9a/tdxhy.cfg,638c58e095702469b9471da7e5bfd7bc63611059052ef22eccc0c6de5b66fe9a,5621,2026-10-09T09:44:01.158745+08:00,UNMAPPED_QUARANTINED,INSUFFICIENT_EVIDENCE,IDENTITY_SOURCE_NO_BOUND_ROW,Obtain official dated listing/delisting/alias identity bytes; no security-pool expansion or row deletion
BJ.920985,,docs/evidence/r4_3_four_session_closeout_20261009/latest_member_raw/638c58e095702469b9471da7e5bfd7bc63611059052ef22eccc0c6de5b66fe9a/tdxhy.cfg,638c58e095702469b9471da7e5bfd7bc63611059052ef22eccc0c6de5b66fe9a,5666,2026-10-09T09:44:01.158745+08:00,UNMAPPED_QUARANTINED,INSUFFICIENT_EVIDENCE,IDENTITY_SOURCE_NO_BOUND_ROW,Obtain official dated listing/delisting/alias identity bytes; no security-pool expansion or row deletion
SZ.001235,,docs/evidence/r4_3_four_session_closeout_20261009/latest_member_raw/638c58e095702469b9471da7e5bfd7bc63611059052ef22eccc0c6de5b66fe9a/tdxhy.cfg,638c58e095702469b9471da7e5bfd7bc63611059052ef22eccc0c6de5b66fe9a,444,2026-10-09T09:44:01.158745+08:00,UNMAPPED_QUARANTINED,INSUFFICIENT_EVIDENCE,IDENTITY_SOURCE_NO_BOUND_ROW,Obtain official dated listing/delisting/alias identity bytes; no security-pool expansion or row deletion
