security_id,valid_member,missing_state,tradable,RET1,RET20,RS20,above_ma20,MDD20,amount_ratio_5_20
BJ.920273,True,BAR,True,-0.018508132361188867,0.05168269230769229,0.0577911488949997,-1.2494999999999976,-0.2005481955230699,0.41446452703956266
BJ.920371,True,BAR,True,-0.03087248322147662,0.011204481792717047,0.017312938380024456,-0.6115000000000004,-0.295609756097561,0.5389672700649165
BJ.920826,True,BAR,True,-0.01044083526682138,-0.021788990825688193,-0.015680534238380783,-0.6080000000000023,-0.2094339622641509,0.3928678399715642
SH.600073,True,BAR,True,-0.01279707495429605,0.005586592178770999,0.011695048766078409,-0.22449999999999992,-0.08783783783783772,0.6269393468846012
SH.600097,True,BAR,True,-0.007551240560949357,0.04545454545454519,0.0515630020418526,-0.1460000000000008,-0.0988023952095809,0.5480619217178155
SH.600113,True,BAR,True,-0.025125628140703515,-0.012555140821174038,-0.006446684233866629,-1.3369999999999997,-0.14737767360093756,0.652810158718638
SH.600127,True,BAR,True,-0.01552238805970163,0.6826530612244894,0.6887615178117968,2.8194999999999997,-0.19945909398242057,1.203803434187236
SH.600186,True,BAR,True,-0.04047093451066963,0.14889867841409687,0.15500713500140428,0.6544999999999987,-0.06055776892430287,0.9957512402858116
SH.600257,True,BAR,True,-0.010830324909747224,-0.028368794326240954,-0.022260337738933544,-0.2625000000000002,-0.11513157894736847,0.6874123533158764
SH.600280,True,BAR,True,-0.003278688524590123,-0.009771986970683932,-0.003663530383376523,-0.10599999999999987,-0.16045845272206305,0.6147394704393435
SH.600327,True,BAR,True,0.007957559681697646,-0.06172839506172845,-0.05561993847442104,-0.18449999999999944,-0.09156626506024101,0.8348652049126823
SH.600438,True,BAR,True,-0.039723661485319584,-0.07410491257285601,-0.0679964559855486,-0.3860000000000028,-0.07274247491638808,0.9402003287699179
SH.600467,True,BAR,True,-0.012448132780083054,-0.004184100418410108,0.001924356168897301,-0.08150000000000057,-0.12639405204460963,0.8349356680656833
SH.600650,True,BAR,True,0.008729388942773975,-0.03345724907063197,-0.027348792483324558,-0.25399999999999956,-0.10326566637246248,0.664599349797352
SH.600655,True,BAR,True,-0.021881838074398363,-0.04487179487179482,-0.038763338284487414,-0.11550000000000082,-0.046908315565032166,0.8381766048116651
SH.600675,True,BAR,True,-0.015936254980079556,0.0786026200873362,0.08471107667464362,0.1525000000000003,-0.06808510638297882,2.0920483112075905
SH.600697,True,BAR,True,0.0017605633802817433,0.033605812897366194,0.0397142694846736,-0.0014999999999982805,-0.09703947368421051,0.8623513822475737
SH.600872,True,BAR,True,-0.013801035077630974,-0.07096424702058513,-0.06485579043327772,-0.7794999999999987,-0.07596982758620696,0.8270232020672466
SH.600965,True,BAR,True,0.0,-0.028880866425992857,-0.022772409838685448,-0.12149999999999972,-0.0942760942760944,0.4374108555556904
SH.600981,True,BAR,True,-0.008368200836820106,-0.048192771084337394,-0.042084314497029984,-0.09050000000000002,-0.07450980392156858,1.0410793686984503
SH.601007,True,BAR,True,0.002949852507374562,-0.02298850574712641,-0.016880049159819,-0.174500000000001,-0.07692307692307698,0.8211459929681285
SH.601116,True,BAR,True,-0.018609206660137212,-0.07904411764705888,-0.07293566105975147,-0.754500000000002,-0.17820945945945943,0.6860106294900916
SH.601366,True,BAR,True,0.0028011204481792618,-0.019178082191780743,-0.013069625604473334,-0.1454999999999993,-0.09160305343511455,0.7200482666999496
SH.601933,True,BAR,True,-0.0033222591362125353,-0.029126213592232997,-0.023017757004925588,-0.12799999999999967,-0.11309523809523803,0.5026783573689195
SH.603043,True,BAR,True,-0.016042780748663055,-0.059854014598540006,-0.0537455580112326,-0.6609999999999996,-0.08652482269503536,0.7329528296718489
SH.603057,True,BAR,True,-0.03653217011995624,-0.1894495412844036,-0.1833410846970962,-1.8414999999999964,-0.17583955223880599,1.3744306029258482
SH.603101,True,BAR,True,-0.013586956521739246,-0.021563342318059342,-0.015454885730751933,-0.3329999999999993,-0.10630407911001227,0.5770179156221698
SH.603170,True,BAR,True,0.030100334448160515,0.019867549668874274,0.025976006256181683,0.0779999999999994,-0.06603773584905659,1.0262010751742838
SH.603237,True,BAR,True,-0.004614370468029039,0.04570637119113585,0.05181482777844326,-0.37200000000000344,-0.10817455439459123,0.4427116026451654
SH.603336,True,BAR,True,-0.029217719132893394,0.12691466083150993,0.13302311741881734,0.44650000000000034,-0.07186234817813775,0.9819883739213167
SH.603339,True,BAR,True,-0.03529411764705881,-0.1386554621848739,-0.1325470055975665,-0.9629999999999992,-0.2506218905472636,0.7389680092408691
SH.603345,True,BAR,True,-0.010546623794212118,0.019075374221751318,0.025183830809058727,1.9714999999999918,-0.04182609842987206,1.0507117278841325
SH.603363,True,BAR,True,-0.020979020979021046,-0.034482758620689724,-0.028374302033382315,-0.2200000000000002,-0.14634146341463417,0.5368696606787375
SH.603517,True,BAR,True,0.004393673110720364,0.0035118525021948788,0.009620309089502288,-0.3180000000000014,-0.06260296540362431,0.9080067540431563
SH.603536,True,BAR,True,0.004052684903748771,0.055378061767838105,0.061486518355145514,0.04049999999999976,-0.1260583254938854,0.6025921939530297
SH.603668,True,BAR,True,-0.008143322475570036,0.20474777448071224,0.21085623106801965,0.118999999999998,-0.07164634146341464,0.6868778405116962
SH.603697,True,BAR,True,0.001103752759381793,-0.011982570806100101,-0.005874114218792692,-0.2839999999999989,-0.08971774193548387,0.8749898893775642
SH.603708,True,BAR,True,-0.006734006734006814,-0.03804347826086951,-0.0319350216735621,-0.42050000000000054,-0.10510204081632668,0.5738297345370813
SH.603755,True,BAR,True,0.04387417218543033,0.07916131792896874,0.08526977451627615,0.607999999999997,-0.07459207459207451,1.0195937938210338
SH.605089,True,BAR,True,0.02064330292846872,0.056135121708892344,0.06224357829619975,0.22650000000000148,-0.10354101299865526,0.7495065688360714
SH.605108,True,BAR,True,-0.014634146341463539,-0.0568093385214008,-0.05070088193409339,-0.557500000000001,-0.14033798677443055,0.7499006929863228
SH.605136,True,BAR,True,0.003558718861210064,0.04315659679408146,0.04926505338138887,-0.04400000000000048,-0.08117249154453199,0.7226491109359336
SH.605188,True,BAR,True,-0.02004626060138781,0.061821219715956666,0.06792967630326407,-0.9469999999999992,-0.24012944983818763,0.5982527058213146
SH.605296,True,BAR,True,-0.0982142857142857,-0.05636873248209273,-0.05026027589478532,-3.437000000000001,-0.1691801480669043,0.9469954101906953
SH.605300,True,BAR,True,-0.025812619502868173,0.04192229038854811,0.04803074697585552,-0.049000000000001265,-0.1400709219858156,0.551682619985123
SH.605338,True,BAR,True,-0.00843644544431954,-0.05671482075976475,-0.05060636417245734,-0.7385000000000019,-0.11156601842374614,0.9120088102148035
SH.605567,True,BAR,True,-0.004246284501061459,0.01625135427952329,0.0223598108668307,-0.08399999999999785,-0.1333333333333333,0.6226820154554246
SZ.000019,True,BAR,True,-0.025862068965517238,-0.010218978102189746,-0.004110521514882337,-0.44450000000000056,-0.2056737588652483,0.6226274124044804
SZ.000417,True,BAR,True,0.028119507908611396,0.03174603174603163,0.03785448833333904,-0.13500000000000068,-0.19186046511627908,0.6335414760498123
SZ.000419,True,BAR,True,-0.0020000000000000018,-0.003992015968063756,0.0021164406192436536,-0.10049999999999937,-0.06754221388367732,0.7063001955312618
SZ.000423,True,BAR,True,-0.019543973941368087,-0.04867256637168149,-0.04256410978437408,-1.5034999999999954,-0.07003089598352208,1.0090974990830281
SZ.000428,True,BAR,True,-0.03827751196172258,-0.15368421052631587,-0.14757575393900846,-0.48850000000000016,-0.2415094339622642,0.6684316449793126
SZ.000501,True,BAR,True,-0.009776536312849249,-0.02876712328767128,-0.022658666700363872,-0.2569999999999997,-0.09511568123393321,0.5367151989246961
SZ.000523,True,BAR,True,-0.03801169590643272,0.0030487804878049918,0.009157237075112401,-0.2525000000000004,-0.2713004484304933,0.8751981005781811
SZ.000524,True,BAR,True,-0.006674082313681939,-0.1132075471698114,-0.107099090582504,-0.729000000000001,-0.167931688804554,0.5881985249773982
SZ.000529,True,BAR,True,0.002016129032258007,-0.015841584158415856,-0.009733127571108446,-0.06050000000000022,-0.08679245283018866,0.6301969135057323
SZ.000651,True,BAR,True,0.0036496350364962904,-0.027286508337544202,-0.021178051750236793,-0.0835000000000008,-0.03284950343773885,0.8784493317710378
SZ.000702,True,BAR,True,0.003527336860670305,0.010657193605683846,0.016765650192991255,-0.16599999999999948,-0.13239875389408096,0.5146134785603739
SZ.000721,True,BAR,True,-0.022328548644338087,-0.12051649928263986,-0.11440804269533245,-0.6840000000000002,-0.2249674902470742,0.5810606920801572
SZ.000759,True,BAR,True,-0.019938650306748462,0.07035175879396993,0.07646021538127734,-0.39949999999999974,-0.2784810126582279,0.8464180933481178
SZ.000785,True,BAR,True,0.017699115044247815,0.004366812227074135,0.010475268814381544,0.009500000000000064,-0.07949790794979072,1.296320263658882
SZ.000798,True,BAR,True,-0.01090188305252715,0.08714596949891074,0.09325442608621815,-0.3290000000000006,-0.21468034727703245,0.5325410444762637
SZ.000876,True,BAR,True,-0.015647226173541973,-0.012838801711840153,-0.006730345124532744,-0.3884999999999996,-0.1251580278128951,0.6182985654724524
SZ.000895,True,BAR,True,-0.006429489927132437,-0.07538891104906265,-0.06928045446175524,-0.5649999999999977,-0.07056936647955103,0.7355476097714163
SZ.000900,True,BAR,True,-0.002808988764045006,-0.05080213903743325,-0.04469368245012584,-0.08499999999999952,-0.05080213903743325,0.7925860736919789
SZ.001211,True,BAR,True,-0.014581734458940843,0.0744769874476987,0.08058544403500612,1.4115000000000038,-0.09704811969268101,1.6380173211058497
SZ.001215,True,BAR,True,-0.01038267576386831,0.08948399738732848,0.0955924539746359,2.340999999999994,-0.07682539682539691,1.467056588843393
SZ.001313,True,BAR,True,-0.020107238605898137,-0.06282051282051282,-0.05671205623320541,-0.36350000000000016,-0.1610576923076923,0.5864434584867992
SZ.002069,True,BAR,True,-0.0027173913043478937,0.016620498614958512,0.02272895520226592,-0.09600000000000053,-0.09950248756218893,0.8306983193734728
SZ.002086,True,BAR,True,-0.004878048780487698,-0.05555555555555558,-0.04944709896824817,-0.0804999999999998,-0.13215859030837007,0.7862243482840935
SZ.002100,True,BAR,True,-0.02067183462532296,0.032697547683923744,0.038806004271231154,-0.31950000000000056,-0.09869203329369802,0.596226471074729
SZ.002124,True,BAR,True,0.014705882352941124,-0.08407079646017701,-0.0779623398728696,-0.2330000000000001,-0.19685039370078738,0.8889951120065538
SZ.002186,True,BAR,True,-0.012618296529968376,-0.012618296529968376,-0.0065098399426609665,-0.2494999999999976,-0.0982318271119843,0.7007065032218662
SZ.002187,True,BAR,True,-0.00910746812386154,-0.01270417422867498,-0.006595717641367571,-0.23299999999999965,-0.09333333333333327,0.6088394580302986
SZ.002216,True,BAR,True,-0.00691443388072599,-0.03445378151260503,-0.02834532492529762,-0.3044999999999991,-0.0630630630630632,0.6434737734274147
SZ.002234,True,BAR,True,-0.010217113665389577,-0.03366583541147128,-0.02755737882416387,-0.3520000000000003,-0.09462616822429915,0.7242453826480995
SZ.002251,True,BAR,True,-0.011494252873563204,-0.06267029972752047,-0.056561843140213064,-0.25550000000000006,-0.15270935960591125,0.6789443057760136
SZ.002299,True,BAR,True,-0.013199245757385292,-0.05649038461538469,-0.05038192802807728,-0.7884999999999991,-0.09148812970469022,0.6458818162923555
SZ.002303,True,BAR,True,-0.052238805970149294,0.3146997929606625,0.32080824954796994,0.7119999999999997,-0.09138840070298782,1.676498103179995
SZ.002321,True,BAR,True,0.10194174757281549,0.10194174757281549,0.1080502041601229,0.12949999999999973,-0.12,2.116275031497682
SZ.002330,True,BAR,True,-0.007352941176470673,-0.016990291262136026,-0.010881834674828617,-0.11399999999999988,-0.08675799086757985,0.7718163255797946
SZ.002385,True,BAR,True,-0.015923566878981,-0.05504587155963303,-0.04893741497232562,-0.22950000000000026,-0.14404432132963985,0.47205955157191626
SZ.002419,True,BAR,True,-0.004376367614879806,-0.021505376344086113,-0.015396919756778704,-0.16699999999999982,-0.07894736842105277,0.7850114338559355
SZ.002481,True,BAR,True,-0.018867924528301883,-0.02117647058823524,-0.015068014000927832,-0.1714999999999991,-0.0936819172113289,0.6308794144137452
SZ.002495,True,BAR,True,-0.008264462809917328,-0.008264462809917328,-0.0021560062226099186,-0.02400000000000002,-0.07905138339920936,0.9140401940875263
SZ.002507,True,BAR,True,-0.012522361359570744,-0.02645502645502651,-0.0203465698677191,-0.16900000000000048,-0.04596704249783168,0.6781009783645309
SZ.002515,True,BAR,True,-0.038961038961038974,-0.05128205128205121,-0.0451735946947438,-0.3564999999999996,-0.168997668997669,0.6501574970161152
SZ.002561,True,BAR,True,-0.005427408412483015,0.05924855491329484,0.06535701150060225,-0.005000000000000782,-0.07474226804123707,0.7133613629695928
SZ.002567,True,BAR,True,-0.024523160762942697,-0.04787234042553179,-0.04176388383822438,-0.27899999999999947,-0.13526570048309172,0.759556632435328
SZ.002582,True,BAR,True,-0.017671517671517645,-0.07984420642648493,-0.07373574983917752,-0.6835000000000022,-0.13777372262773735,0.5592790798550139
SZ.002695,True,BAR,True,0.0,-0.0028409090909091717,0.0032675474963982376,-0.10200000000000031,-0.06909090909090909,1.0251897170174555
SZ.002696,True,BAR,True,0.009104704097116834,0.05891719745222934,0.06502565403953675,-0.16199999999999992,-0.1649484536082474,0.8150262690552865
SZ.002697,True,BAR,True,-0.010729613733905574,0.0,0.006108456587307409,-0.10849999999999937,-0.07505070993914809,0.690824327378661
SZ.002701,True,BAR,True,-0.013698630136986245,-0.09999999999999987,-0.09389154341269246,-0.1714999999999991,-0.10927835051546375,0.6821883397968904
SZ.002702,True,BAR,True,0.0183486238532109,0.1326530612244896,0.13876151781179702,-0.008000000000000007,-0.25184094256259204,0.7285156448979552
SZ.002717,True,BAR,True,-0.0449438202247191,-0.15000000000000002,-0.1438915434126926,-0.1070000000000002,-0.1747572815533981,1.2573518565730641
SZ.002726,True,BAR,True,-0.03629032258064513,-0.10150375939849621,-0.0953953028111888,-0.16449999999999942,-0.17957746478873238,0.6805494391402458
SZ.002746,True,BAR,True,-0.014331210191082744,-0.004823151125401881,0.0012853054619055282,-0.22849999999999948,-0.08023774145616647,0.6238345316532484
SZ.002820,True,BAR,True,-0.004085801838610736,-0.019114688128772594,-0.013006231541465185,-0.26899999999999835,-0.11610486891385774,0.5174505178716686
SZ.002838,True,BAR,True,-0.007352941176470673,0.05122950819672134,0.05733796478402875,0.4344999999999999,-0.06843521722414458,0.8327659607599099
SZ.002840,True,BAR,True,-0.07296650717703346,-0.06287787182587656,-0.056769415238569154,-0.777000000000001,-0.16216216216216217,0.9266313428202054
SZ.002982,True,BAR,True,-0.01035856573705185,-0.01035856573705185,-0.004250109149744441,-0.34550000000000125,-0.11005135730007332,0.7514730601194913
SZ.002995,True,BAR,True,-0.018454440599769306,-0.0011737089201877549,0.004934747667119654,-0.487999999999996,-0.12579957356076776,1.0276078107815254
SZ.003030,True,BAR,True,-0.014668133480014611,0.2258211678832116,0.231929624470519,1.5390000000000015,-0.05960015088645798,0.9862918096782974
SZ.300094,True,BAR,True,-0.016949152542372947,-0.003436426116838587,0.0026720304704688225,-0.18850000000000033,-0.18338108882521498,0.5728866789178025
SZ.300268,True,BAR,True,0.0,-0.09842223891810675,-0.09231378233079934,-0.5490000000000013,-0.16497829232995664,0.6885759978086917
SZ.300498,True,BAR,True,-0.01893171061528054,0.04388489208633084,0.04999334867363825,-0.24349999999999916,-0.05533854166666663,0.6034107029287188
SZ.300783,True,BAR,True,-0.014285714285714457,-0.03214494447691407,-0.026036487889606663,-0.6660000000000039,-0.09510720175920839,0.6817464475001767
SZ.300999,True,BAR,True,-0.012469831053901759,-0.04697204968944102,-0.04086359310213361,-1.4629999999999974,-0.11658870097157248,0.6391106173041659
SZ.301073,True,BAR,True,-0.01388888888888884,-0.07840083073727944,-0.07229237414997203,-1.2834999999999965,-0.18548387096774177,0.624075616738796
SZ.301116,True,BAR,True,-0.002188183807440014,-0.03389830508474578,-0.027789848497438374,-0.3215000000000021,-0.12462908011869434,0.6471989903726566
