code,trade_date,native_amount,native_volume,baostock_amount,baostock_volume,tradestatus,adjustflag,source_entry,entry_sha256,binary32_of_baostock,classification,delta,same_volume
BJ.920000,2026-10-09,9923736.0,706075,,,,,bj/lday/bj920000.day,1bb870ea76fefcc838bbfd447abbb0accb8b6dbbaa4f8900eb18f5e6d14ab973,,SOURCE_NOT_PRESENT,,
BJ.920001,2026-10-09,16075039.0,1463171,,,,,bj/lday/bj920001.day,384f26de58bba33accb91b6e5ad12f2396869fdb429b2d092a0d215f56529fcd,,SOURCE_NOT_PRESENT,,
BJ.920002,2026-10-09,55280196.0,1123676,,,,,bj/lday/bj920002.day,48b8df9b4d529c5c823e9556d07bab9b4afeba7a89f21bd2bc8452dcf73e987a,,SOURCE_NOT_PRESENT,,
SH.688825,2026-10-08,18905233408.0,365289830,18905234267.2300,365289830,1,3,SEE_NATIVE_OWNER_SOURCE_LINEAGE,3414cbed04795b985c072104c0a8aa1433f0d9969f8a8570b50fbb7b98f80121,18905233408.0,UNIT_OR_PRECISION,-859.2299995422363,True
SZ.300308,2026-10-09,21091586048.0,27933721,21091586583.3400,27933721,1,3,sz/lday/sz300308.day,6b3c637b5aa66d89142b5b47d703fefc8fc6d802fe3f1e11725228a15b2b61a8,21091586048.0,UNIT_OR_PRECISION,-535.3400001525879,True
SH.688825,2026-10-09,14978593792.0,302990427,14978593299.3200,302990427,1,3,sh/lday/sh688825.day,7d3e2e6910516e2f79b19f1046009dc181ea2eded2b4d3905d63e3efac1ae823,14978593792.0,UNIT_OR_PRECISION,492.6800003051758,True
SH.600007,2026-10-09,59077688.0,2880000,59077688.0000,2880000,1,3,sh/lday/sh600007.day,53a01610023654976c8de02887cbb430f75be1740fe11709a127b7c12af9118e,59077688.0,EXACT_EQUAL,0.0,True
SH.600082,2026-10-09,22947266.0,7068700,22947266.0000,7068700,1,3,sh/lday/sh600082.day,8384fadb25eef6284d83796252dc0bb32b896eface5afa913ad06d09dbb963ac,22947266.0,EXACT_EQUAL,0.0,True
SH.600084,2026-10-09,13042794.0,3099100,13042794.0000,3099100,1,3,sh/lday/sh600084.day,358e76ea4bb11b0aa21148bede4422e6513bdda6f1e3ad652d4be5933a9e2711,13042794.0,EXACT_EQUAL,0.0,True
SH.688235,2026-09-30,854794880.0,3233294,854794847.5000,3233294,1,3,SEE_NATIVE_OWNER_SOURCE_LINEAGE,87f6876854dcae42f4dfaed7c2258a91b2c563846caa92076f0dd30ca199991b,854794816.0,INSUFFICIENT_EVIDENCE,32.5,True
SH.603400,2026-09-30,603957376.0,10636072,603957408.2700,10636072,1,3,SEE_NATIVE_OWNER_SOURCE_LINEAGE,87f6876854dcae42f4dfaed7c2258a91b2c563846caa92076f0dd30ca199991b,603957440.0,INSUFFICIENT_EVIDENCE,-32.269999980926514,True
SH.600733,2026-10-09,600795648.0,129075184,600795615.8000,129075184,1,3,sh/lday/sh600733.day,ef923f64e4f7d53727b01604924cacd68fbdb8d62fe9e09ee2f5df8b38f83bf1,600795584.0,INSUFFICIENT_EVIDENCE,32.200000047683716,True
SH.600035,2026-10-09,50873424.0,13584464,50873426.1600,13584464,1,3,sh/lday/sh600035.day,ed317373bf853b48df97d22818f2d4d9c4506a07ac93c517e7b0d7cc388f9a54,50873428.0,INSUFFICIENT_EVIDENCE,-2.1599999964237213,True
SH.600054,2026-10-09,37432328.0,3627148,37432325.8300,3627148,1,3,sh/lday/sh600054.day,c184baad75123fb018b2d9da1fd9bfe8fdaa406a3ec19a1284ac0dbb2e3d8cb0,37432324.0,INSUFFICIENT_EVIDENCE,2.1700000017881393,True
SH.600073,2026-10-09,60148424.0,11028183,60148426.4000,11028183,1,3,sh/lday/sh600073.day,d4a29745fc013d64112dd68d52d575ba4e8aa372a09a1f091f3a39033ecced8c,60148428.0,INSUFFICIENT_EVIDENCE,-2.399999998509884,True
SH.600119,2026-10-09,6784686.0,1435010,6784685.5000,1435010,1,3,sh/lday/sh600119.day,a223713b38926836098a1b04584743bd6fd89f52a086474675c7ef65069da8ab,6784685.5,INSUFFICIENT_EVIDENCE,0.5,True
SH.600120,2026-10-09,168687744.0,36320138,168687752.2000,36320138,1,3,sh/lday/sh600120.day,99b00fb6a122ee837fea21c60dc7eb3884410fa62faaef4ccb83533f1e1d9929,168687760.0,INSUFFICIENT_EVIDENCE,-8.199999988079071,True
SH.600239,2026-10-09,21429652.0,15229552,21429650.8000,15229552,1,3,sh/lday/sh600239.day,a8d8f79e50bbcd33903245a93ae715dc7d1bea1646cb26781a89da4ba228e3de,21429650.0,INSUFFICIENT_EVIDENCE,1.199999999254942,True
SH.600278,2026-10-09,43554624.0,6675620,43554621.8000,6675620,1,3,sh/lday/sh600278.day,9f5a64a357a8a08db802a2c29460c644e7811ea2d0ce80d4c1b8a2d89a87ea99,43554620.0,INSUFFICIENT_EVIDENCE,2.2000000029802322,True
SH.600312,2026-10-09,317492864.0,15513885,317492880.0100,15513885,1,3,sh/lday/sh600312.day,cb8167748c93a3f69b47b69c1d64cd260916fcc42a551231307d18abbb89084e,317492896.0,INSUFFICIENT_EVIDENCE,-16.009999990463257,True
SH.600356,2026-10-09,175188224.0,16522292,175188232.1600,16522292,1,3,sh/lday/sh600356.day,57ba3a85e1359a28202c7310d8faa6ad9cb485f7d7e6a035e95ce74023a0fb3b,175188240.0,INSUFFICIENT_EVIDENCE,-8.159999996423721,True
SH.600612,2026-10-09,61206800.0,1917720,61206797.9300,1917720,1,3,sh/lday/sh600612.day,6cc3033af5f25958a0efd0b6486dc57b5ca8843a4b39533b3e8bc593c1f3add3,61206796.0,INSUFFICIENT_EVIDENCE,2.0700000002980232,True
